time,dataset,model,method,train_n_way,test_n_way,n_shot,train_aug,image_size,recons_decoder,recons_lambda,aug_target,aug_type,split,save_iter,adaptation,gpu_id,acc_mean,acc_std,epoch,vaegan_exp,vaegan_step,zvar_lambda,fake_prob,vaegan_is_train
20191026-020700,CUB,Conv4,protonet,5,5,5,False,,,0.0,sample,rotate,novel,-1,False,,68.48,9.0,,,,,,
20191026-131109,CUB,Conv4,protonet,5,5,5,False,,,0.0,batch,rotate,novel,-1,False,,67.73,9.54,,,,,,
20191027-143350,CUB,Conv4,protonet,5,5,5,False,,,0.0,sample,bright,novel,-1,False,,61.98,8.76,88.0,,,,,
20191026-235642,CUB,Conv4,protonet,5,5,5,False,,,0.0,batch,bright,novel,-1,False,,55.56,9.2,89.0,,,,,
20191027-025329,CUB,Conv4,protonet,5,5,5,False,,,0.0,batch,bright,novel,-1,False,,52.42,8.91,87.0,,,,,
20191026-195842,miniImagenet,Conv4,protonet,5,5,5,False,,,0.0,sample,rotate,novel,-1,False,,59.2,8.72,298.0,,,,,
20191027-024915,miniImagenet,Conv4,protonet,5,5,5,False,,,0.0,batch,rotate,novel,-1,False,,58.65,8.75,147.0,,,,,
20191026-225242,miniImagenet,Conv4,protonet,5,5,5,False,,,0.0,sample,bright,novel,-1,False,,60.49,8.65,244.0,,,,,
20191027-073806,miniImagenet,Conv4,protonet,5,5,5,False,,,0.0,batch,bright,novel,-1,False,,57.53,8.77,222.0,,,,,
20191027-191709,CUB,Conv4,protonet,5,5,5,True,,,0.0,,,novel,-1,False,,75.74,8.54,424.0,,,,,
20191027-235927,CUB,Conv4,protonet,5,5,5,True,,Conv,0.1,,,novel,-1,False,,77.29,8.01,477.0,,,,,
20191028-045000,CUB,Conv4,protonet,5,5,5,True,,Conv,1.0,,,novel,-1,False,,75.85,8.37,567.0,,,,,
20191028-093605,CUB,Conv4,protonet,5,5,5,True,,Conv,10.0,,,novel,-1,False,,70.69,9.18,581.0,,,,,
20191028-140823,CUB,Conv4,protonet,5,5,5,True,,HiddenConv,0.1,,,novel,-1,False,,77.0,8.22,580.0,,,,,
20191028-180232,CUB,Conv4,protonet,5,5,5,True,,HiddenConv,1.0,,,novel,-1,False,,75.3,8.21,414.0,,,,,
20191029-003246,CUB,Conv4,protonet,5,5,5,True,,HiddenConv,10.0,,,novel,-1,False,,75.35,8.2,427.0,,,,,
20191029-010336,miniImagenet,Conv4,protonet,5,5,5,True,,,0.0,,,novel,-1,False,1.0,64.18,8.38,377.0,,,,,
20191030-012944,cross,Conv4,protonet,5,5,5,True,,,0.0,,,novel,-1,False,0.0,50.9,8.55,273.0,,,,,
20191031-013037,CUB,Conv4,protonet,5,5,5,True,,,0.0,,,novel,-1,True,,76.59,7.92,424.0,,,,,
20191031-013748,CUB,Conv4,protonet,5,5,5,True,,Conv,0.1,,,novel,-1,True,,77.82,8.03,477.0,,,,,
20191031-014508,CUB,Conv4,protonet,5,5,5,True,,Conv,1.0,,,novel,-1,True,,76.46,8.4,567.0,,,,,
20191031-015233,CUB,Conv4,protonet,5,5,5,True,,Conv,10.0,,,novel,-1,True,,70.56,9.06,581.0,,,,,
20191031-020002,CUB,Conv4,protonet,5,5,5,True,,HiddenConv,0.1,,,novel,-1,True,,77.49,8.36,580.0,,,,,
20191031-020737,CUB,Conv4,protonet,5,5,5,True,,HiddenConv,1.0,,,novel,-1,True,,74.72,8.27,414.0,,,,,
20191031-021503,CUB,Conv4,protonet,5,5,5,True,,HiddenConv,10.0,,,novel,-1,True,,75.55,7.9,427.0,,,,,
20191031-013348,miniImagenet,Conv4,protonet,5,5,5,True,,,0.0,,,novel,-1,True,1.0,64.2,8.6,377.0,,,,,
20191031-142029,cross,Conv4,protonet,5,5,5,True,,,0.0,,,novel,-1,True,1.0,52.17,8.73,273.0,,,,,
20191101-170723,miniImagenet,Conv4,protonet,5,5,5,True,,,0.0,,,novel,-1,False,1.0,62.51,9.07,297.0,,,,,
20191101-212734,miniImagenet,Conv4,protonet,5,5,5,True,,Conv,0.1,,,novel,-1,False,1.0,64.93,8.69,434.0,,,,,
20191102-012322,miniImagenet,Conv4,protonet,5,5,5,True,,Conv,1.0,,,novel,-1,False,1.0,63.95,8.54,423.0,,,,,
20191102-054939,miniImagenet,Conv4,protonet,5,5,5,True,,Conv,10.0,,,novel,-1,False,1.0,59.54,9.2,435.0,,,,,
20191102-093724,miniImagenet,Conv4,protonet,5,5,5,True,,HiddenConv,0.1,,,novel,-1,False,1.0,63.09,9.08,326.0,,,,,
20191102-144331,miniImagenet,Conv4,protonet,5,5,5,True,,HiddenConv,1.0,,,novel,-1,False,1.0,65.22,8.62,466.0,,,,,
20191102-210105,miniImagenet,Conv4,protonet,5,5,5,True,,HiddenConv,10.0,,,novel,-1,False,1.0,63.76,8.21,444.0,,,,,
20191102-214642,cross,Conv4,protonet,5,5,5,True,,,0.0,,,novel,-1,False,0.0,51.42,8.63,287.0,,,,,
20191103-010522,cross,Conv4,protonet,5,5,5,True,,Conv,0.1,,,novel,-1,False,0.0,51.47,8.58,325.0,,,,,
20191103-041914,cross,Conv4,protonet,5,5,5,True,,Conv,1.0,,,novel,-1,False,0.0,53.03,8.62,350.0,,,,,
20191103-070711,cross,Conv4,protonet,5,5,5,True,,Conv,10.0,,,novel,-1,False,0.0,50.92,8.22,262.0,,,,,
20191103-101112,cross,Conv4,protonet,5,5,5,True,,HiddenConv,0.1,,,novel,-1,False,0.0,52.83,8.83,330.0,,,,,
20191103-130156,cross,Conv4,protonet,5,5,5,True,,HiddenConv,1.0,,,novel,-1,False,0.0,53.09,8.62,269.0,,,,,
20191103-155407,cross,Conv4,protonet,5,5,5,True,,HiddenConv,10.0,,,novel,-1,False,0.0,50.17,8.9,216.0,,,,,
20191103-172117,CUB,Conv4,protonet,5,5,5,True,,,0.0,,,novel,-1,True,0.0,75.93,8.03,424.0,,,,,
20191103-172803,CUB,Conv4,protonet,5,5,5,True,,Conv,0.1,,,novel,-1,True,0.0,77.71,8.72,477.0,,,,,
20191103-173453,CUB,Conv4,protonet,5,5,5,True,,Conv,1.0,,,novel,-1,True,0.0,77.7,7.87,567.0,,,,,
20191103-174144,CUB,Conv4,protonet,5,5,5,True,,Conv,10.0,,,novel,-1,True,0.0,70.48,9.09,581.0,,,,,
20191103-174834,CUB,Conv4,protonet,5,5,5,True,,HiddenConv,0.1,,,novel,-1,True,0.0,76.22,8.08,580.0,,,,,
20191103-175536,CUB,Conv4,protonet,5,5,5,True,,HiddenConv,1.0,,,novel,-1,True,0.0,75.08,8.27,414.0,,,,,
20191103-180220,CUB,Conv4,protonet,5,5,5,True,,HiddenConv,10.0,,,novel,-1,True,0.0,75.85,8.09,427.0,,,,,
20191103-200111,miniImagenet,Conv4,protonet,5,5,5,True,,,0.0,,,novel,-1,True,1.0,61.87,8.9,297.0,,,,,
20191103-200813,miniImagenet,Conv4,protonet,5,5,5,True,,Conv,0.1,,,novel,-1,True,1.0,64.08,8.34,434.0,,,,,
20191103-201506,miniImagenet,Conv4,protonet,5,5,5,True,,Conv,1.0,,,novel,-1,True,1.0,63.71,8.2,423.0,,,,,
20191103-202216,miniImagenet,Conv4,protonet,5,5,5,True,,Conv,10.0,,,novel,-1,True,1.0,58.71,8.75,435.0,,,,,
20191103-202913,miniImagenet,Conv4,protonet,5,5,5,True,,HiddenConv,0.1,,,novel,-1,True,1.0,62.58,8.84,326.0,,,,,
20191103-203610,miniImagenet,Conv4,protonet,5,5,5,True,,HiddenConv,1.0,,,novel,-1,True,1.0,63.84,8.81,466.0,,,,,
20191103-204301,miniImagenet,Conv4,protonet,5,5,5,True,,HiddenConv,10.0,,,novel,-1,True,1.0,63.09,8.29,444.0,,,,,
20191103-205219,cross,Conv4,protonet,5,5,5,True,,,0.0,,,novel,-1,True,1.0,51.72,8.6,287.0,,,,,
20191103-205913,cross,Conv4,protonet,5,5,5,True,,Conv,0.1,,,novel,-1,True,1.0,52.68,8.79,325.0,,,,,
20191103-210601,cross,Conv4,protonet,5,5,5,True,,Conv,1.0,,,novel,-1,True,1.0,53.29,8.11,350.0,,,,,
20191103-211256,cross,Conv4,protonet,5,5,5,True,,Conv,10.0,,,novel,-1,True,1.0,50.17,8.15,262.0,,,,,
20191103-211948,cross,Conv4,protonet,5,5,5,True,,HiddenConv,0.1,,,novel,-1,True,1.0,53.42,8.18,330.0,,,,,
20191103-212642,cross,Conv4,protonet,5,5,5,True,,HiddenConv,1.0,,,novel,-1,True,1.0,52.83,8.68,269.0,,,,,
20191103-213331,cross,Conv4,protonet,5,5,5,True,,HiddenConv,10.0,,,novel,-1,True,1.0,50.0,8.57,216.0,,,,,
20191109-223950,omniglot,Conv4S,protonet,5,5,5,False,,,0.0,,,novel,-1,False,0.0,98.84,1.66,82.0,,,,,
20191109-230928,omniglot,Conv4S,protonet,5,5,5,False,,ConvS,0.1,,,novel,-1,False,0.0,98.96,1.81,76.0,,,,,
20191109-233851,omniglot,Conv4S,protonet,5,5,5,False,,ConvS,1.0,,,novel,-1,False,0.0,98.36,2.14,73.0,,,,,
20191110-001101,omniglot,Conv4S,protonet,5,5,5,False,,ConvS,10.0,,,novel,-1,False,0.0,95.46,3.83,97.0,,,,,
20191110-023411,omniglot,Conv4S,protonet,5,5,5,False,,HiddenConvS,0.1,,,novel,-1,False,0.0,99.04,1.74,87.0,,,,,
20191110-030018,omniglot,Conv4S,protonet,5,5,5,False,,HiddenConvS,1.0,,,novel,-1,False,0.0,99.02,1.7,88.0,,,,,
20191110-032753,omniglot,Conv4S,protonet,5,5,5,False,,HiddenConvS,10.0,,,novel,-1,False,0.0,98.88,1.72,87.0,,,,,
20191110-092340,cross_char,Conv4S,protonet,5,5,5,False,,,0.0,,,novel,-1,False,0.0,88.12,6.77,148.0,,,,,
20191110-095944,cross_char,Conv4S,protonet,5,5,5,False,,ConvS,0.1,,,novel,-1,False,0.0,87.2,6.71,110.0,,,,,
20191110-102828,cross_char,Conv4S,protonet,5,5,5,False,,ConvS,1.0,,,novel,-1,False,0.0,86.21,7.25,35.0,,,,,
20191110-104427,cross_char,Conv4S,protonet,5,5,5,False,,ConvS,10.0,,,novel,-1,False,0.0,79.96,8.19,3.0,,,,,
20191110-111026,cross_char,Conv4S,protonet,5,5,5,False,,HiddenConvS,0.1,,,novel,-1,False,0.0,86.63,7.34,92.0,,,,,
20191110-114945,cross_char,Conv4S,protonet,5,5,5,False,,HiddenConvS,1.0,,,novel,-1,False,0.0,86.56,7.46,82.0,,,,,
20191110-122259,cross_char,Conv4S,protonet,5,5,5,False,,HiddenConvS,10.0,,,novel,-1,False,0.0,85.32,7.42,62.0,,,,,
20191110-140338,omniglot,Conv4S,protonet,5,5,5,False,,,0.0,,,novel,-1,True,0.0,98.88,1.77,82.0,,,,,
20191110-142400,omniglot,Conv4S,protonet,5,5,5,False,,ConvS,0.1,,,novel,-1,True,0.0,98.99,1.51,76.0,,,,,
20191110-144853,omniglot,Conv4S,protonet,5,5,5,False,,ConvS,1.0,,,novel,-1,True,0.0,98.01,2.26,73.0,,,,,
20191110-151351,omniglot,Conv4S,protonet,5,5,5,False,,ConvS,10.0,,,novel,-1,True,0.0,95.03,3.66,97.0,,,,,
20191110-153521,omniglot,Conv4S,protonet,5,5,5,False,,HiddenConvS,0.1,,,novel,-1,True,0.0,99.02,1.59,87.0,,,,,
20191110-155940,omniglot,Conv4S,protonet,5,5,5,False,,HiddenConvS,1.0,,,novel,-1,True,0.0,98.99,1.58,88.0,,,,,
20191110-162452,omniglot,Conv4S,protonet,5,5,5,False,,HiddenConvS,10.0,,,novel,-1,True,0.0,98.9,1.55,87.0,,,,,
20191110-165438,cross_char,Conv4S,protonet,5,5,5,False,,,0.0,,,novel,-1,True,0.0,88.53,6.55,148.0,,,,,
20191110-171804,cross_char,Conv4S,protonet,5,5,5,False,,ConvS,0.1,,,novel,-1,True,0.0,87.79,6.94,110.0,,,,,
20191110-173349,cross_char,Conv4S,protonet,5,5,5,False,,ConvS,1.0,,,novel,-1,True,0.0,87.64,7.56,35.0,,,,,
20191110-174816,cross_char,Conv4S,protonet,5,5,5,False,,ConvS,10.0,,,novel,-1,True,0.0,82.74,7.64,3.0,,,,,
20191110-180145,cross_char,Conv4S,protonet,5,5,5,False,,HiddenConvS,0.1,,,novel,-1,True,0.0,86.99,6.98,92.0,,,,,
20191110-181735,cross_char,Conv4S,protonet,5,5,5,False,,HiddenConvS,1.0,,,novel,-1,True,0.0,87.66,6.99,82.0,,,,,
20191110-183215,cross_char,Conv4S,protonet,5,5,5,False,,HiddenConvS,10.0,,,novel,-1,True,0.0,86.49,7.23,62.0,,,,,
20191111-153241,omniglot,Conv4S,protonet,5,5,5,False,,,0.0,,,novel,-1,False,0.0,98.82,2.0,65.0,,,,,
20191111-160050,omniglot,Conv4S,protonet,5,5,5,False,,ConvS,0.1,,,novel,-1,False,0.0,98.98,1.54,121.0,,,,,
20191111-162428,omniglot,Conv4S,protonet,5,5,5,False,,ConvS,1.0,,,novel,-1,False,0.0,98.89,1.81,95.0,,,,,
20191111-170951,omniglot,Conv4S,protonet,5,5,5,False,,ConvS,10.0,,,novel,-1,False,0.0,96.01,3.52,148.0,,,,,
20191111-173148,omniglot,Conv4S,protonet,5,5,5,False,,HiddenConvS,0.1,,,novel,-1,False,0.0,98.97,1.54,94.0,,,,,
20191111-175559,omniglot,Conv4S,protonet,5,5,5,False,,HiddenConvS,1.0,,,novel,-1,False,0.0,99.0,1.53,118.0,,,,,
20191111-181857,omniglot,Conv4S,protonet,5,5,5,False,,HiddenConvS,10.0,,,novel,-1,False,0.0,99.12,1.36,103.0,,,,,
20191111-233626,omniglot,Conv4S,protonet,5,5,5,False,,,0.0,,,novel,-1,True,0.0,98.93,1.55,65.0,,,,,
20191111-235014,omniglot,Conv4S,protonet,5,5,5,False,,ConvS,0.1,,,novel,-1,True,0.0,98.9,1.69,121.0,,,,,
20191112-000405,omniglot,Conv4S,protonet,5,5,5,False,,ConvS,1.0,,,novel,-1,True,0.0,98.91,1.81,95.0,,,,,
20191112-001754,omniglot,Conv4S,protonet,5,5,5,False,,ConvS,10.0,,,novel,-1,True,0.0,95.17,3.65,148.0,,,,,
20191112-003203,omniglot,Conv4S,protonet,5,5,5,False,,HiddenConvS,0.1,,,novel,-1,True,0.0,98.78,1.77,94.0,,,,,
20191112-004611,omniglot,Conv4S,protonet,5,5,5,False,,HiddenConvS,1.0,,,novel,-1,True,0.0,99.02,1.49,118.0,,,,,
20191112-010009,omniglot,Conv4S,protonet,5,5,5,False,,HiddenConvS,10.0,,,novel,-1,True,0.0,98.99,1.43,103.0,,,,,
20191202-153525,omniglot,Conv4S,protonet,5,5,5,False,,,0.0,,,novel,-1,True,1.0,98.85,1.69,96.0,,,,,False
20191202-154210,omniglot,Conv4S,protonet,5,5,5,False,,ConvS,0.1,,,novel,-1,True,1.0,99.07,1.53,134.0,,,,,False
20191202-154856,omniglot,Conv4S,protonet,5,5,5,False,,ConvS,1.0,,,novel,-1,True,1.0,98.37,2.16,114.0,,,,,False
20191202-155546,omniglot,Conv4S,protonet,5,5,5,False,,ConvS,10.0,,,novel,-1,True,1.0,98.84,1.92,90.0,,,,,False
20191202-160232,omniglot,Conv4S,protonet,5,5,5,False,,HiddenConvS,0.1,,,novel,-1,True,1.0,98.88,1.73,97.0,,,,,False
20191202-161044,omniglot,Conv4S,protonet,5,5,5,False,,HiddenConvS,1.0,,,novel,-1,True,1.0,99.06,1.37,88.0,,,,,False
20191202-163128,omniglot,Conv4S,protonet,5,5,5,False,,HiddenConvS,10.0,,,novel,-1,True,1.0,99.0,1.73,114.0,,,,,False
20191202-204207,omniglot,Conv4S,protonet,5,5,5,False,,,0.0,,,novel,-1,False,1.0,98.95,1.65,104.0,,,,,False
20191202-205320,omniglot,Conv4S,protonet,5,5,5,False,,ConvS,0.1,,,novel,-1,False,1.0,98.97,1.69,75.0,,,,,False
20191202-211546,omniglot,Conv4S,protonet,5,5,5,False,,ConvS,1.0,,,novel,-1,False,1.0,98.78,1.73,126.0,,,,,False
20191202-213040,omniglot,Conv4S,protonet,5,5,5,False,,ConvS,10.0,,,novel,-1,False,1.0,94.04,4.06,28.0,,,,,False
20191202-215203,omniglot,Conv4S,protonet,5,5,5,False,,HiddenConvS,0.1,,,novel,-1,False,1.0,99.13,1.58,102.0,,,,,False
20191202-220300,omniglot,Conv4S,protonet,5,5,5,False,,HiddenConvS,1.0,,,novel,-1,False,1.0,98.84,1.8,82.0,,,,,False
20191202-221910,omniglot,Conv4S,protonet,5,5,5,False,,HiddenConvS,10.0,,,novel,-1,False,1.0,99.01,1.6,107.0,,,,,False
20191202-222628,omniglot,Conv4S,protonet,5,5,5,False,,,0.0,,,novel,-1,True,1.0,99.08,1.86,104.0,,,,,False
20191202-223347,omniglot,Conv4S,protonet,5,5,5,False,,ConvS,0.1,,,novel,-1,True,1.0,98.78,1.88,75.0,,,,,False
20191202-224104,omniglot,Conv4S,protonet,5,5,5,False,,ConvS,1.0,,,novel,-1,True,1.0,98.51,1.85,126.0,,,,,False
20191202-224824,omniglot,Conv4S,protonet,5,5,5,False,,ConvS,10.0,,,novel,-1,True,1.0,93.41,4.34,28.0,,,,,False
20191202-225543,omniglot,Conv4S,protonet,5,5,5,False,,HiddenConvS,0.1,,,novel,-1,True,1.0,99.1,1.68,102.0,,,,,False
20191202-230300,omniglot,Conv4S,protonet,5,5,5,False,,HiddenConvS,1.0,,,novel,-1,True,1.0,98.75,1.77,82.0,,,,,False
20191202-231018,omniglot,Conv4S,protonet,5,5,5,False,,HiddenConvS,10.0,,,novel,-1,True,1,99.00,1.34,107.0,,,,,False
20191116-203811,cross_char,Conv4S,protonet,5,5,5,False,,,0.0,,,novel,-1,False,0.0,86.21,7.48,40.0,,,,,
20191116-204438,cross_char,Conv4S,protonet,5,5,5,False,,,0.0,,,novel,-1,False,1.0,87.16,7.22,59.0,,,,,
20191116-212450,cross_char,Conv4S,protonet,5,5,5,False,,,0.0,,,novel,-1,False,0.0,64.24,8.4,19.0,omn_noLatin_1114_0956,200000.0,1.0,,
20191116-213805,cross_char,Conv4S,protonet,5,5,5,False,,,0.0,,,novel,-1,False,1.0,63.02,8.68,19.0,omn_noLatin_1114_0956,200000.0,1.0,,
20191116-222708,cross_char,Conv4S,protonet,5,5,5,False,,,0.0,,,novel,-1,False,1.0,64.23,9.05,55.0,omn_noLatin_1114_0956,200000.0,10.0,,
20191122-100837,cross_char,Conv4S,protonet,5,5,5,False,,,0.0,,,novel,-1,False,1.0,85.52,7.76,90.0,,,,,
20191122-113554,cross_char,Conv4S,protonet,5,5,5,False,,,0.0,,,novel,-1,False,1.0,72.08,8.78,6.0,omn_noLatin_bn_1119_2057,5000.0,1.0,,
20191122-121642,cross_char,Conv4S,protonet,5,5,5,False,,,0.0,,,novel,-1,False,1.0,71.86,8.84,2.0,omn_noLatin_bn_1119_2057,5000.0,10.0,,
20191122-141655,cross_char,Conv4S,protonet,5,5,5,False,,,0.0,,,novel,-1,False,1.0,76.58,7.68,1.0,omn_noLatin_bn_1119_2057,3000.0,1.0,,
20191122-145541,cross_char,Conv4S,protonet,5,5,5,False,,,0.0,,,novel,-1,False,1.0,75.09,8.55,3.0,omn_noLatin_bn_1119_2057,3000.0,10.0,,
20191122-170056,cross_char,Conv4S,protonet,5,5,5,False,,,0.0,,,novel,-1,False,1.0,87.82,6.81,51.0,,,,,
20191122-175533,cross_char,Conv4S,protonet,5,5,5,False,,,0.0,,,novel,-1,False,1.0,82.16,7.81,95.0,omn_noLatin_bn_1119_2057,3000.0,1.0,0.25,
20191122-183156,cross_char,Conv4S,protonet,5,5,5,False,,,0.0,,,novel,-1,False,1.0,81.19,8.14,84.0,omn_noLatin_bn_1119_2057,3000.0,10.0,0.25,
20191122-192548,cross_char,Conv4S,protonet,5,5,5,False,,,0.0,,,novel,-1,False,1.0,78.68,7.71,52.0,omn_noLatin_bn_1119_2057,3000.0,1.0,0.5,
20191122-201129,cross_char,Conv4S,protonet,5,5,5,False,,,0.0,,,novel,-1,False,1.0,81.85,7.99,36.0,omn_noLatin_bn_1119_2057,3000.0,10.0,0.5,
20191122-205355,cross_char,Conv4S,protonet,5,5,5,False,,,0.0,,,novel,-1,False,1.0,78.26,7.64,14.0,omn_noLatin_bn_1119_2057,3000.0,1.0,0.75,
20191122-214819,cross_char,Conv4S,protonet,5,5,5,False,,,0.0,,,novel,-1,False,1.0,77.88,7.51,35.0,omn_noLatin_bn_1119_2057,3000.0,10.0,0.75,
20191122-222921,cross_char,Conv4S,protonet,5,5,5,False,,,0.0,,,novel,-1,False,1.0,77.86,8.49,8.0,omn_noLatin_bn_1119_2057,3000.0,1.0,1.0,
20191122-231535,cross_char,Conv4S,protonet,5,5,5,False,,,0.0,,,novel,-1,False,1.0,76.7,8.51,13.0,omn_noLatin_bn_1119_2057,3000.0,10.0,1.0,
20191127-140208,cross_char,Conv4S,protonet,5,5,5,False,,,0.0,,,novel,-1,False,1.0,84.85,7.44,64.0,,,,,False
20191127-213432,cross_char,Conv4S,protonet,5,5,5,False,,,0.0,,,novel,-1,False,1.0,85.27,7.77,54.0,,,,,False
20191127-215750,cross_char,Conv4S,protonet,5,5,5,False,,,0.0,,,novel,-1,False,1.0,85.06,7.81,69.0,omn_noLatin_1114_0956,200000.0,1.0,0.25,True
20191127-221601,cross_char,Conv4S,protonet,5,5,5,False,,,0.0,,,novel,-1,False,1.0,83.22,7.27,51.0,omn_noLatin_1114_0956,200000.0,10.0,0.25,True
20191127-223816,cross_char,Conv4S,protonet,5,5,5,False,,,0.0,,,novel,-1,False,1.0,84.53,7.5,72.0,omn_noLatin_1114_0956,200000.0,1.0,0.5,True
20191127-225459,cross_char,Conv4S,protonet,5,5,5,False,,,0.0,,,novel,-1,False,1.0,86.24,7.52,40.0,omn_noLatin_1114_0956,200000.0,10.0,0.5,True
20191127-230541,cross_char,Conv4S,protonet,5,5,5,False,,,0.0,,,novel,-1,False,1.0,81.21,7.63,8.0,omn_noLatin_1114_0956,200000.0,1.0,0.75,True
20191127-232934,cross_char,Conv4S,protonet,5,5,5,False,,,0.0,,,novel,-1,False,1.0,85.99,7.04,87.0,omn_noLatin_1114_0956,200000.0,10.0,0.75,True
20191127-234151,cross_char,Conv4S,protonet,5,5,5,False,,,0.0,,,novel,-1,False,1.0,82.34,8.2,21.0,omn_noLatin_1114_0956,200000.0,1.0,1.0,True
20191127-235622,cross_char,Conv4S,protonet,5,5,5,False,,,0.0,,,novel,-1,False,1.0,82.76,7.29,35.0,omn_noLatin_1114_0956,200000.0,10.0,1.0,True
20191128-005918,cross_char,Conv4S,protonet,5,5,5,False,,,0.0,,,novel,-1,False,1.0,84.71,7.55,22.0,,,,,False
20191128-012517,cross_char,Conv4S,protonet,5,5,5,False,,,0.0,,,novel,-1,False,1.0,87.04,7.31,83.0,omn_noLatin_1114_0956,200000.0,1.0,0.25,True
20191128-015834,cross_char,Conv4S,protonet,5,5,5,False,,,0.0,,,novel,-1,False,1.0,86.34,7.14,129.0,omn_noLatin_1114_0956,200000.0,10.0,0.25,True
20191128-021441,cross_char,Conv4S,protonet,5,5,5,False,,,0.0,,,novel,-1,False,1.0,83.2,7.77,37.0,omn_noLatin_1114_0956,200000.0,1.0,0.5,True
20191128-022759,cross_char,Conv4S,protonet,5,5,5,False,,,0.0,,,novel,-1,False,1.0,83.76,8.01,21.0,omn_noLatin_1114_0956,200000.0,10.0,0.5,True
20191128-025032,cross_char,Conv4S,protonet,5,5,5,False,,,0.0,,,novel,-1,False,1.0,84.7,7.66,79.0,omn_noLatin_1114_0956,200000.0,1.0,0.75,True
20191128-030341,cross_char,Conv4S,protonet,5,5,5,False,,,0.0,,,novel,-1,False,1.0,83.73,7.75,23.0,omn_noLatin_1114_0956,200000.0,10.0,0.75,True
20191128-031727,cross_char,Conv4S,protonet,5,5,5,False,,,0.0,,,novel,-1,False,1.0,78.63,8.09,30.0,omn_noLatin_1114_0956,200000.0,1.0,1.0,True
20191128-033947,cross_char,Conv4S,protonet,5,5,5,False,,,0.0,,,novel,-1,False,1.0,81.64,7.86,83.0,omn_noLatin_1114_0956,200000.0,10.0,1.0,True
20191128-035419,cross_char,Conv4S,protonet,5,5,5,False,,,0.0,,,novel,-1,False,1.0,83.33,7.07,41.0,,,,,False
20191128-041451,cross_char,Conv4S,protonet,5,5,5,False,,,0.0,,,novel,-1,False,1.0,84.2,7.27,53.0,omn_noLatin_1114_0956,200000.0,1.0,0.25,True
20191128-044637,cross_char,Conv4S,protonet,5,5,5,False,,,0.0,,,novel,-1,False,1.0,88.15,7.06,121.0,omn_noLatin_1114_0956,200000.0,10.0,0.25,True
20191128-050438,cross_char,Conv4S,protonet,5,5,5,False,,,0.0,,,novel,-1,False,1.0,85.22,7.59,48.0,omn_noLatin_1114_0956,200000.0,1.0,0.5,True
20191128-053545,cross_char,Conv4S,protonet,5,5,5,False,,,0.0,,,novel,-1,False,1.0,86.58,7.54,124.0,omn_noLatin_1114_0956,200000.0,10.0,0.5,True
20191128-054815,cross_char,Conv4S,protonet,5,5,5,False,,,0.0,,,novel,-1,False,1.0,83.92,7.7,19.0,omn_noLatin_1114_0956,200000.0,1.0,0.75,True
20191128-061651,cross_char,Conv4S,protonet,5,5,5,False,,,0.0,,,novel,-1,False,1.0,87.08,7.5,115.0,omn_noLatin_1114_0956,200000.0,10.0,0.75,True
20191128-063333,cross_char,Conv4S,protonet,5,5,5,False,,,0.0,,,novel,-1,False,1.0,83.88,7.53,48.0,omn_noLatin_1114_0956,200000.0,1.0,1.0,True
20191128-065010,cross_char,Conv4S,protonet,5,5,5,False,,,0.0,,,novel,-1,False,1.0,84.14,7.46,48.0,omn_noLatin_1114_0956,200000.0,10.0,1.0,True
20191128-115830,cross_char,Conv4S,protonet,5,5,5,False,,,0.0,,,novel,-1,False,1.0,86.32,7.48,32.0,,,,,False
20191128-122359,cross_char,Conv4S,protonet,5,5,5,False,,,0.0,,,novel,-1,False,1.0,83.65,7.59,81.0,omn_noLatin_1114_0956,200000.0,1.0,0.25,True
20191128-125418,cross_char,Conv4S,protonet,5,5,5,False,,,0.0,,,novel,-1,False,1.0,87.36,7.05,160.0,omn_noLatin_1114_0956,200000.0,10.0,0.25,True
20191128-131030,cross_char,Conv4S,protonet,5,5,5,False,,,0.0,,,novel,-1,False,1.0,84.22,7.43,37.0,omn_noLatin_1114_0956,200000.0,1.0,0.5,True
20191128-132245,cross_char,Conv4S,protonet,5,5,5,False,,,0.0,,,novel,-1,False,1.0,82.1,7.54,15.0,omn_noLatin_1114_0956,200000.0,10.0,0.5,True
20191128-134555,cross_char,Conv4S,protonet,5,5,5,False,,,0.0,,,novel,-1,False,1.0,84.5,7.44,82.0,omn_noLatin_1114_0956,200000.0,1.0,0.75,True
20191128-140232,cross_char,Conv4S,protonet,5,5,5,False,,,0.0,,,novel,-1,False,1.0,84.08,7.67,44.0,omn_noLatin_1114_0956,200000.0,10.0,0.75,True
20191128-142313,cross_char,Conv4S,protonet,5,5,5,False,,,0.0,,,novel,-1,False,1.0,85.06,7.03,73.0,omn_noLatin_1114_0956,200000.0,1.0,1.0,True
20191128-144150,cross_char,Conv4S,protonet,5,5,5,False,,,0.0,,,novel,-1,False,1.0,82.36,7.54,58.0,omn_noLatin_1114_0956,200000.0,10.0,1.0,True
20191128-160216,cross_char,Conv4S,protonet,5,5,5,False,,,0.0,,,novel,-1,False,1.0,87.03,7.15,67.0,,,,,False
20191128-161422,cross_char,Conv4S,protonet,5,5,5,False,,,0.0,,,novel,-1,False,1.0,80.17,8.12,7.0,omn_noLatin_1114_0956,200000.0,1.0,0.25,True
20191128-164528,cross_char,Conv4S,protonet,5,5,5,False,,,0.0,,,novel,-1,False,1.0,88.38,7.33,117.0,omn_noLatin_1114_0956,200000.0,10.0,0.25,True
20191128-171546,cross_char,Conv4S,protonet,5,5,5,False,,,0.0,,,novel,-1,False,1.0,85.15,7.45,118.0,omn_noLatin_1114_0956,200000.0,1.0,0.5,True
20191128-173557,cross_char,Conv4S,protonet,5,5,5,False,,,0.0,,,novel,-1,False,1.0,86.41,7.22,102.0,omn_noLatin_1114_0956,200000.0,10.0,0.5,True
20191128-175047,cross_char,Conv4S,protonet,5,5,5,False,,,0.0,,,novel,-1,False,1.0,84.89,7.98,39.0,omn_noLatin_1114_0956,200000.0,1.0,0.75,True
20191128-180232,cross_char,Conv4S,protonet,5,5,5,False,,,0.0,,,novel,-1,False,1.0,83.76,7.15,15.0,omn_noLatin_1114_0956,200000.0,10.0,0.75,True
20191128-181344,cross_char,Conv4S,protonet,5,5,5,False,,,0.0,,,novel,-1,False,1.0,82.64,7.25,14.0,omn_noLatin_1114_0956,200000.0,1.0,1.0,True
20191128-182921,cross_char,Conv4S,protonet,5,5,5,False,,,0.0,,,novel,-1,False,1.0,84.76,7.64,42.0,omn_noLatin_1114_0956,200000.0,10.0,1.0,True
20191201-111624,cross_char,Conv4S,protonet,5,5,5,False,,,0.0,,,novel,-1,False,1.0,86.39,7.12,108.0,,,,,False
20191201-113335,cross_char,Conv4S,protonet,5,5,5,False,,,0.0,,,novel,-1,True,0.0,87.54,7.18,108.0,,,,,False
20191201-155033,cross_char,Conv4S,protonet,5,5,5,False,,ConvS,0.1,,,novel,-1,False,1.0,86.81,7.11,110.0,,,,,False
20191201-162025,cross_char,Conv4S,protonet,5,5,5,False,,ConvS,1.0,,,novel,-1,False,1.0,83.42,7.54,73.0,,,,,False
20191201-170632,cross_char,Conv4S,protonet,5,5,5,False,,ConvS,10.0,,,novel,-1,False,1.0,86.79,7.18,142.0,,,,,False
20191201-173717,cross_char,Conv4S,protonet,5,5,5,False,,HiddenConvS,0.1,,,novel,-1,False,1.0,86.74,7.46,93.0,,,,,False
20191201-180727,cross_char,Conv4S,protonet,5,5,5,False,,HiddenConvS,1.0,,,novel,-1,False,1.0,85.84,7.58,90.0,,,,,False
20191201-182809,cross_char,Conv4S,protonet,5,5,5,False,,HiddenConvS,10.0,,,novel,-1,False,1.0,85.33,7.32,45.0,,,,,False
20191201-184214,cross_char,Conv4S,protonet,5,5,5,False,,ConvS,0.1,,,novel,-1,True,0.0,88.26,7.08,110.0,,,,,False
20191201-185608,cross_char,Conv4S,protonet,5,5,5,False,,ConvS,1.0,,,novel,-1,True,0.0,85.93,7.2,73.0,,,,,False
20191201-191002,cross_char,Conv4S,protonet,5,5,5,False,,ConvS,10.0,,,novel,-1,True,0.0,87.78,7.09,142.0,,,,,False
20191201-192401,cross_char,Conv4S,protonet,5,5,5,False,,HiddenConvS,0.1,,,novel,-1,True,0.0,87.73,7.25,93.0,,,,,False
20191201-193753,cross_char,Conv4S,protonet,5,5,5,False,,HiddenConvS,1.0,,,novel,-1,True,0.0,87.26,7.21,90.0,,,,,False
20191201-195153,cross_char,Conv4S,protonet,5,5,5,False,,HiddenConvS,10.0,,,novel,-1,True,0.0,85.77,7.4,45.0,,,,,False
20191202-015322,omniglot,Conv4S,protonet,5,5,5,False,,,0.0,,,novel,-1,False,1.0,99.19,1.36,115.0,,,,,False
20191202-021620,omniglot,Conv4S,protonet,5,5,5,False,,,0.0,,,novel,-1,False,1.0,99.01,1.53,70.0,omniglot_1109_2216,100000.0,1.0,0.25,True
20191202-023134,omniglot,Conv4S,protonet,5,5,5,False,,,0.0,,,novel,-1,False,1.0,98.94,1.56,60.0,omniglot_1109_2216,100000.0,10.0,0.25,True
20191202-024808,omniglot,Conv4S,protonet,5,5,5,False,,,0.0,,,novel,-1,False,1.0,98.86,1.79,81.0,omniglot_1109_2216,100000.0,1.0,0.5,True
20191202-030652,omniglot,Conv4S,protonet,5,5,5,False,,,0.0,,,novel,-1,False,1.0,98.88,1.62,87.0,omniglot_1109_2216,100000.0,10.0,0.5,True
20191202-033112,omniglot,Conv4S,protonet,5,5,5,False,,,0.0,,,novel,-1,False,1.0,98.94,1.78,127.0,omniglot_1109_2216,100000.0,1.0,0.75,True
20191202-035305,omniglot,Conv4S,protonet,5,5,5,False,,,0.0,,,novel,-1,False,1.0,98.9,2.0,83.0,omniglot_1109_2216,100000.0,10.0,0.75,True
20191202-041202,omniglot,Conv4S,protonet,5,5,5,False,,,0.0,,,novel,-1,False,1.0,98.97,1.48,95.0,omniglot_1109_2216,100000.0,1.0,1.0,True
20191202-042436,omniglot,Conv4S,protonet,5,5,5,False,,,0.0,,,novel,-1,False,1.0,98.61,2.02,58.0,omniglot_1109_2216,100000.0,10.0,1.0,True
20191202-152457,cross_char,Conv4S,protonet,5,5,5,False,,,0.0,,,novel,-1,False,1.0,82.92,7.57,16.0,omn_noLatin_1114_0956,200000.0,10.0,0.1,True
20191202-154847,cross_char,Conv4S,protonet,5,5,5,False,,,0.0,,,novel,-1,False,1.0,85.6,7.18,69.0,omn_noLatin_1114_0956,200000.0,10.0,0.1,True
20191202-160844,cross_char,Conv4S,protonet,5,5,5,False,,,0.0,,,novel,-1,False,1.0,84.15,7.52,34.0,omn_noLatin_1114_0956,200000.0,10.0,0.2,True
20191202-163430,cross_char,Conv4S,protonet,5,5,5,False,,,0.0,,,novel,-1,False,1.0,86.4,7.46,89.0,omn_noLatin_1114_0956,200000.0,10.0,0.3,True
20191202-165945,cross_char,Conv4S,protonet,5,5,5,False,,,0.0,,,novel,-1,False,1.0,85.68,7.8,100.0,omn_noLatin_1114_0956,200000.0,10.0,0.4,True
20191202-171809,cross_char,Conv4S,protonet,5,5,5,False,,,0.0,,,novel,-1,False,1.0,86.87,7.3,78.0,omn_noLatin_1114_0956,200000.0,10.0,0.5,True
20191202-173220,cross_char,Conv4S,protonet,5,5,5,False,,,0.0,,,novel,-1,False,1.0,87.63,7.43,107.0,omn_noLatin_1114_0956,200000.0,10.0,0.5,True
20191202-204355,cross_char,Conv4S,protonet,5,5,5,False,,,0.0,,,novel,-1,False,0.0,84.52,6.91,27.0,,,,,False
20191202-210313,cross_char,Conv4S,protonet,5,5,5,False,,,0.0,,,novel,-1,False,1.0,85.88,7.26,42.0,omn_noLatin_1114_0956,200000.0,10.0,0.1,True
20191202-213008,cross_char,Conv4S,protonet,5,5,5,False,,,0.0,,,novel,-1,False,1.0,87.05,7.34,88.0,omn_noLatin_1114_0956,200000.0,10.0,0.2,True
20191202-214501,cross_char,Conv4S,protonet,5,5,5,False,,,0.0,,,novel,-1,False,1.0,83.96,7.42,37.0,omn_noLatin_1114_0956,200000.0,10.0,0.3,True
20191202-220917,cross_char,Conv4S,protonet,5,5,5,False,,,0.0,,,novel,-1,False,1.0,85.4,7.71,77.0,omn_noLatin_1114_0956,200000.0,10.0,0.4,True
20191202-223757,cross_char,Conv4S,protonet,5,5,5,False,,,0.0,,,novel,-1,False,1,86.97,7.30,103.0,omn_noLatin_1114_0956,200000.0,10.0,0.5,True
